"Integration_Id__c"|"Name"|"StartDate"|"Description"|"Status"|"Source__c"
"023-09"|"023-09"|"06/01/2023"|"$30 BASE RATE"|"Active"|"023"
"023-28"|"023-28"|"06/01/2023"|"0075 VOID VOID"|"Active"|"023"
"023-2N"|"023-2N"|"06/01/2023"|"2ND CHANCE TOWING"|"Active"|"023"
"023-33"|"023-33"|"06/01/2023"|"0375 VOID-VOID-VOID"|"Active"|"023"
"023-34"|"023-34"|"06/01/2023"|"0475 VOID-VOID-VOID"|"Active"|"023"
"023-3B"|"023-3B"|"06/01/2023"|"3B LOCKSMITH"|"Active"|"023"
"023-3T"|"023-3T"|"06/01/2023"|"3B TOWING"|"Active"|"023"
"023-AA"|"023-AA"|"06/01/2023"|"AA ROADSIDE"|"Active"|"023"
"023-AI"|"023-AI"|"06/01/2023"|"A-1 TOWING"|"Active"|"023"
"023-AL"|"023-AL"|"06/01/2023"|"ALTERNATIVE TRANSPO"|"Active"|"023"
"023-BB"|"023-BB"|"06/01/2023"|"BLANDS BEDFORD"|"Active"|"023"
"023-BL"|"023-BL"|"06/01/2023"|"BLANDS TOWING"|"Active"|"023"
"023-C1"|"023-C1"|"06/01/2023"|"$17.00 BASE RATE"|"Active"|"023"
"023-CA"|"023-CA"|"06/01/2023"|"CREDIT CARD"|"Active"|"023"
"023-CH"|"023-CH"|"06/01/2023"|"CHRISTOPHERS"|"Active"|"023"
"023-CN"|"023-CN"|"06/01/2023"|"NON CONTRACTOR"|"Active"|"023"
"023-CO"|"023-CO"|"06/01/2023"|"COLUMBUS TOWING"|"Active"|"023"
"023-CP"|"023-CP"|"06/01/2023"|"COPPLES"|"Active"|"023"
"023-DD"|"023-DD"|"06/01/2023"|"D&D AUTO AND TOWING"|"Active"|"023"
"023-HL"|"023-HL"|"06/01/2023"|"HOOSIER LOCKSMITH"|"Active"|"023"
"023-HO"|"023-HO"|"06/01/2023"|"HOWARDS"|"Active"|"023"
"023-JJ"|"023-JJ"|"06/01/2023"|"J & J EXPRESS"|"Active"|"023"
"023-JK"|"023-JK"|"06/01/2023"|"JAKE'S HOOK & BOOK"|"Active"|"023"
"023-JW"|"023-JW"|"06/01/2023"|"JOHN WAYNE'S TOWING"|"Active"|"023"
"023-KW"|"023-KW"|"06/01/2023"|"KENS WESTSIDE"|"Active"|"023"
"023-L4"|"023-L4"|"06/01/2023"|"$22.00 LX"|"Active"|"023"
"023-MA"|"023-MA"|"06/01/2023"|"MARTIN WRECKER SERV"|"Active"|"023"
"023-MK"|"023-MK"|"06/01/2023"|"MIKEL'S TOWING"|"Active"|"023"
"023-MP"|"023-MP"|"06/01/2023"|"MY PIT CREW"|"Active"|"023"
"023-NC"|"023-NC"|"06/01/2023"|"NON CONTRACTOR"|"Active"|"023"
"023-NW"|"023-NW"|"06/01/2023"|"NORTHWEST"|"Active"|"023"
"023-PA"|"023-PA"|"06/01/2023"|"PAULS AUTO & TOWING"|"Active"|"023"
"023-PD"|"023-PD"|"06/01/2023"|"PADDACKS TOWING"|"Active"|"023"
"023-PH"|"023-PH"|"06/01/2023"|"PEFFLEY & HINSHAW"|"Active"|"023"
"023-PL"|"023-PL"|"06/01/2023"|"PLOUGHES TOWING"|"Active"|"023"
"023-RU"|"023-RU"|"06/01/2023"|"RUSTY'S TOWING"|"Active"|"023"
"023-SH"|"023-SH"|"06/01/2023"|"SHAFFER'S"|"Active"|"023"
"023-ST"|"023-ST"|"06/01/2023"|"STANLEY TOWING"|"Active"|"023"
"023-SU"|"023-SU"|"06/01/2023"|"SUMMITT TOWING"|"Active"|"023"
"023-TD"|"023-TD"|"06/01/2023"|"TDS TOWING"|"Active"|"023"
"023-TS"|"023-TS"|"06/01/2023"|"TOWING SOLUTIONS"|"Active"|"023"
"023-TW"|"023-TW"|"06/01/2023"|"TIM'S WRECKER SRV"|"Active"|"023"
"023-VI"|"023-VI"|"06/01/2023"|"V12 LIGHT SERVICE"|"Active"|"023"
"023-WA"|"023-WA"|"06/01/2023"|"WARDS TOWING"|"Active"|"023"
"023-WI"|"023-WI"|"06/01/2023"|"WILSON'S TOWING"|"Active"|"023"
"023-WT"|"023-WT"|"06/01/2023"|"WILCOX TOWING"|"Active"|"023"
